id|first_name|last_name|age|city|email
1|Alice|Smith|30|New York|alice.smith@example.com
2|Bob|Johnson|25|Los Angeles|bob.johnson@example.com
3|Charlie|Williams|35|Chicago|charlie.williams@example.com
4|Diana|Brown|28|Houston|diana.brown@example.com
5|Ethan|Jones|40|Phoenix|ethan.jones@example.com
6|Fiona|Garcia|32|Philadelphia|fiona.garcia@example.com
7|George|Martinez|29|San Antonio|george.martinez@example.com
8|Hannah|Rodriguez|27|San Diego|hannah.rodriguez@example.com
9|Ian|Hernandez|33|Dallas|ian.hernandez@example.com
10|Julia|Lopez|31|San Jose|julia.lopez@example.com
11|Kevin|Gonzalez|26|Austin|kevin.gonzalez@example.com
12|Laura|Wilson|38|Jacksonville|laura.wilson@example.com
13|Mike|Anderson|24|Fort Worth|mike.anderson@example.com
14|Nina|Thomas|37|Columbus|nina.thomas@example.com
15|Oscar|Taylor|28|Charlotte|oscar.taylor@example.com
16|Paula|Moore|34|San Francisco|paula.moore@example.com
17|Quinn|Jackson|29|Indianapolis|quinn.jackson@example.com
18|Rachel|Martin|35|Seattle|rachel.martin@example.com
19|Sam|Lee|30|Denver|sam.lee@example.com
20|Tina|Perez|27|Washington|tina.perez@example.com
21|Uma|Thompson|36|Boston|uma.thompson@example.com
22|Victor|White|32|El Paso|victor.white@example.com
23|Wendy|Harris|25|Nashville|wendy.harris@example.com
24|Xavier|Sanchez|39|Detroit|xavier.sanchez@example.com
25|Yara|Clark|31|Oklahoma City|yara.clark@example.com
26|Zane|Ramirez|28|Las Vegas|zane.ramirez@example.com
27|Ava|Lewis|33|Louisville|ava.lewis@example.com
28|Ben|Robinson|29|Baltimore|ben.robinson@example.com
29|Cara|Walker|27|Milwaukee|cara.walker@example.com
30|Dan|Young|35|Albuquerque|dan.young@example.com
31|Ella|Allen|30|Tucson|ella.allen@example.com
32|Finn|King|26|Fresno|finn.king@example.com
33|Gina|Wright|38|Sacramento|gina.wright@example.com
34|Hugo|Scott|24|Kansas City|hugo.scott@example.com
35|Ivy|Torres|37|Mesa|ivy.torres@example.com
36|Jake|Nguyen|28|Atlanta|jake.nguyen@example.com
37|Kara|Hill|34|Omaha|kara.hill@example.com
38|Leo|Flores|29|Colorado Springs|leo.flores@example.com
39|Mia|Green|35|Raleigh|mia.green@example.com
40|Nate|Adams|30|Miami|nate.adams@example.com
41|Olga|Nelson|27|Long Beach|olga.nelson@example.com
42|Paul|Baker|36|Virginia Beach|paul.baker@example.com
43|Queen|Hall|32|Oakland|queen.hall@example.com
44|Ray|Rivera|25|Minneapolis|ray.rivera@example.com
45|Sara|Campbell|39|Tulsa|sara.campbell@example.com
46|Tom|Mitchell|31|Arlington|tom.mitchell@example.com
47|Ursula|Carter|28|New Orleans|ursula.carter@example.com
48|Vince|Roberts|33|Wichita|vince.roberts@example.com
49|Will|Gomez|29|Cleveland|will.gomez@example.com
50|Xena|Phillips|27|Tampa|xena.phillips@example.com
51|Yuri|Evans|35|Bakersfield|yuri.evans@example.com
52|Zoe|Turner|30|Aurora|zoe.turner@example.com
53|Aaron|Diaz|26|Anaheim|aaron.diaz@example.com
54|Bella|Parker|38|Honolulu|bella.parker@example.com
55|Cody|Cruz|24|Santa Ana|cody.cruz@example.com
56|Daisy|Morris|37|Riverside|daisy.morris@example.com
57|Eli|Reed|28|Corpus Christi|eli.reed@example.com
58|Faith|Bailey|34|Lexington|faith.bailey@example.com
59|Gabe|Bell|29|Stockton|gabe.bell@example.com
60|Hope|Cooper|35|Henderson|hope.cooper@example.com
61|Ivan|Richardson|30|Saint Paul|ivan.richardson@example.com
62|Jade|Cox|27|St. Louis|jade.cox@example.com
63|Kyle|Ward|36|Pittsburgh|kyle.ward@example.com
64|Lily|Watson|32|Cincinnati|lily.watson@example.com
65|Mason|Brooks|25|Anchorage|mason.brooks@example.com
66|Nora|Kelly|39|Greensboro|nora.kelly@example.com
67|Owen|Sanders|31|Plano|owen.sanders@example.com
68|Pia|Price|28|Lincoln|pia.price@example.com
69|Quentin|Bennett|33|Orlando|quentin.bennett@example.com
70|Rita|Wood|29|Irvine|rita.wood@example.com
71|Sean|Barnes|27|Toledo|sean.barnes@example.com
72|Tara|Ross|35|Jersey City|tara.ross@example.com
73|Uri|Henderson|30|Chula Vista|uri.henderson@example.com
74|Vera|Coleman|26|Durham|vera.coleman@example.com
75|Walt|Jenkins|38|Fort Wayne|walt.jenkins@example.com
76|Ximena|Perry|24|St. Petersburg|ximena.perry@example.com
77|Yosef|Powell|37|Laredo|yosef.powell@example.com
78|Zara|Long|28|Chandler|zara.long@example.com
79|Adam|Patterson|34|Madison|adam.patterson@example.com
80|Beth|Hughes|29|Lubbock|beth.hughes@example.com
81|Carl|Flores|35|Scottsdale|carl.flores@example.com
82|Dana|Washington|30|Reno|dana.washington@example.com
83|Evan|Butler|27|Glendale|evan.butler@example.com
84|Faye|Simmons|36|Garland|faye.simmons@example.com
85|Gus|Foster|32|Hialeah|gus.foster@example.com
86|Holly|Gonzales|25|Chesapeake|holly.gonzales@example.com
87|Iris|Bryant|39|Baton Rouge|iris.bryant@example.com
88|Joel|Alexander|31|Irving|joel.alexander@example.com
89|Kira|Russell|28|Boise|kira.russell@example.com
90|Liam|Griffin|33|Fremont|liam.griffin@example.com
91|Maya|Diaz|29|Richmond|maya.diaz@example.com
92|Noah|Hayes|27|Spokane|noah.hayes@example.com
93|Olive|Myers|35|Des Moines|olive.myers@example.com
94|Pete|Ford|30|Modesto|pete.ford@example.com
95|Quincy|Hamilton|26|Birmingham|quincy.hamilton@example.com
96|Rosa|Graham|38|Tacoma|rosa.graham@example.com
97|Seth|Sullivan|24|Fontana|seth.sullivan@example.com
98|Tess|Wallace|37|Rochester|tess.wallace@example.com
99|Ulysses|West|28|Oxnard|ulysses.west@example.com
100|Violet|Stone|34|Moreno Valley|violet.stone@example.com
